smiles,logCMC
CCCCCCCCCCCCOCCOCCOCCO,-1.281913705
CCCCCCCCCCCCCCN(C)C(=O)C(O)C(O)C(O)C(O)CO,-1.609781681
CCCCCCCCCCCCO[C@H]1O[C@H](CO)[C@@H](O)[C@H](O)[C@@H]1O,-1.300162274
CC(C)(C)CC(C)(C)c1ccc(OCCOCCOCCOCCOCCOCCOCCO)cc1,-0.602059991
CCCCCCCCCCCCOCCOCCOCCOCCOCCO,-1.191789027
CCCCCCCCCCCOCCOCCOCCOCCOCCOCCOCCOCCO,-0.522878745
CC(C)CCCC(C)CCCC(C)CCOC1O[C@H](CO)[C@@H](O)[C@H](O)[C@H]1O,-2.036212173
CCCCCCCCCCCCCC(=O)N(C)CC(O)C(O)C(OC1OC(CO)C(O)C(O)C1O)C(O)CO,-1.167491087
CCCCCCCCCCCCCCCOCCOCCOCCOCCOCCOCCOCCOCCO,-2.457797218
CCCCCCCCCCOCCOCCOCCOCCO,-0.168770306
CCCCC(CCCC)CCOCCOCCOCCOCCOCCOCCOCCOCCOCCO,0.469822016
CCCCCCCCC(=O)OCC(O)C(O)C(O)CO,0.622214023
CCCCCCCC/C=C\CCCCCCCC(=O)OCC(O)COCC(O)COCC(O)COCC(O)CO,-1.484126156
CCCCCC(CCCC)OC1OC(CO)C(O)C(O)C1O,1.176091259
CCCCCCCCC=CCCCCCCCCN(C)C(=O)C(O)C(O)C(OC1OC(CO)C(O)C(O)C1O)C(O)CO,-1.26760624
CCCCCCCC(=O)OCC(OCCOCCO)C1OCC(OCCOCCO)C1OCCOCCOCCO,-0.349692477
CCCCCCCCSC1OC(=O)C(O)C1O,-0.318758763
CCCCCCCCc1cccc(OCCOCCOCCOCCOCCO)c1,-0.821023053
CCCCCCCCCCCC(O)N(CCO)CCO,-0.590066877
CC(C)(C)CC(C)(C)c1ccc(OCCOCCOCCOCCOCCOCCOCCOCCOCCO)cc1,-0.522878745
CC(C)(C)CC(C)(C)c1ccc(OCCOCCOCCOCCOCCOCCOCCOCCO)cc1,-0.552841969
CCCCCCCCCCCCN(CCCNC(=O)[C@H](O)[C@@H](O)[C@H](OC1OC(CO)C(O)C(O)C1O)[C@H](O)CO)CCN(CCCCCCCCCCCC)CCCNC(=O)[C@H](O)[C@@H](O)[C@H](OC1OC(CO)C(O)C(O)C1O)[C@H](O)CO,-2.051098239
CCCCCCCCCCCC(=O)N(CCO)CCO,-0.578396073
CCCCCCCCCCN(C)C(=O)C(O)C(O)C(OC1OC(CO)C(O)C(O)C1O)C(O)CO,0.381285373
CCCCCCC(CCC)OC1OC(CO)C(O)C(O)C1O,1.079181246
CCCCCCCCOCCOCCOCCOCCOCCOCCOCCOCCOCCO,1.11058971
CCCCCCC(=O)OC[C@H](O)[C@@H](O)[C@H](O)CO,1.255272505
CCCCCCCCCCCCN(C)C(=O)C(O)C(O)C(OC1OC(CO)C(O)C(O)C1O)C(O)CO,-0.601028774
CCCCOCCOCCOCCOCCOCCOCCO,2.889861721
CCCCCCCCCCOC1O[C@H](CO)[C@@H](O[C@H]2O[C@H](CO)[C@@H](O)[C@H](O)[C@H]2O)[C@H](O)[C@H]1O,0.301029996
CCCCCCCCc1cccc(OCCOCCOCCOCCOCCOCCOCCOCCOCCO)c1,-0.519993057
CCCCCCCCCCCCCCN(C)C(=O)C(O)C(O)C(OC1OC(CO)C(O)C(O)C1O)C(O)CO,-1.443697499
CCCCCCOC[C@H](O)[C@@H](O)[C@H](O)CO,0.973127854
CCCCCCCCOCCOCCOCCOCCOCCOCCOCCOCCO,1.113943352
CCCCCCCCCC(=O)CC(=O)NC1CCOC1=O,-1.013228266
CCCCCCCCCCCCOC1OC(CO)C(OC2OC(CO)C(O)C(O)C2O)C(O)C1O,-0.688246139
CCCCCCCCCCCCN(CCCNC(=O)[C@H](O)[C@@H](O)[C@H](O)[C@@H](O)[C@@H](O)CO)CCN(CCCCCCCCCCCC)CCCNC(=O)[C@H](O)[C@@H](O)[C@H](O)[C@@H](O)[C@@H](O)CO,-2.283996656
CCCCCCCCCCSC1OC(=O)C(O)C1O,-1.48148606
CCCCCCCCCCCCCCCC(=O)NC1CCOC1=O,-3.795880017
CCCCCCCCCCNC(=O)C(O)C(O)C(OC1OC(CO)C(O)C(O)C1O)C(O)CO,0.107027631
CCCCCC(=O)CC(=O)NC1CCOC1=O,0.336459734
CCCCCCCC(=O)OCC(OCCOCCOCCOCCO)C1OCC(OCCOCCOCCOCCOCCO)C1OCCOCCOCCOCCOCCOCCO,-0.286509457
CCCCCCCCCCC(O)CO,-0.749579998
CCCCCCCCC(=O)OC[C@H](O)[C@@H](O)[C@H](O)CO,0.255272505
CCCCC(=O)OCC(O)C(O)C(O)CO,2.089905111
CCCCCCCCOCCOCCOCCO,0.872447648
CC(C)(C)CC(C)(C)c1ccc(OCCOCCOCCOCCO)cc1,-0.886056648
CCCCCCCCOCC1OC(O)C(O)C(O)C1O,1.079181246
CC(C)CCCC(C)CCCC(C)CCOC1OCC(O)C(O)C1O,-2.314258261
CCCCCCCCCCCCCOCCOCCOCCOCCOCCO,-1.30980392
CCCCCCCCOCC(O)C(O)C(O)CO,0.813247301
CCCCCCCCCCCCN(CCCNC(=O)[C@@H](O)[C@H](O)[C@@H](O)[C@@H](O)CO)CCN(CCCCCCCCCCCC)CCCNC(=O)[C@@H](O)[C@H](O)[C@@H](O)[C@@H](O)CO,-2.420216403
CCCCCOCC(O)C(O)C(O)CO,1.589949602
CCCCCCCCNC(=O)C(O)C(O)C(OC1OC(CO)C(O)C(O)C1O)C(O)CO,0.755874856
CCCCCCCCc1cccc(OCCOCCOCCOCCOCCOCCOCCOCCOCCOCCO)c1,-0.480172006
CCCCCCCCC(O)CO,0.36078269
CCCCCCCCCCOC1OC(CO)C(O)C(O)C1O,0.321184027
CCCCCCCCCCCCC/C=C/[C@@H](O)[C@H](CO)NC(C)=O,-2.235077015
